<?xml version="1.0" encoding="UTF-8"?>
<beans xmlns="http://www.springframework.org/schema/beans"
       xmlns:xsi="http://www.w3.org/2001/XMLSchema-instance"
       xmlns:p="http://www.springframework.org/schema/p"
       xmlns:aop="http://www.springframework.org/schema/aop"
       xmlns:context="http://www.springframework.org/schema/context"
       xmlns:jee="http://www.springframework.org/schema/jee"
       xmlns:tx="http://www.springframework.org/schema/tx"
       xmlns:task="http://www.springframework.org/schema/task"
       xsi:schemaLocation="
           http://www.springframework.org/schema/beans http://www.springframework.org/schema/beans/spring-beans-3.2.xsd
           http://www.springframework.org/schema/aop http://www.springframework.org/schema/aop/spring-aop-3.2.xsd
           http://www.springframework.org/schema/context http://www.springframework.org/schema/context/spring-context-3.2.xsd
           http://www.springframework.org/schema/jee http://www.springframework.org/schema/jee/spring-jee-3.2.xsd
           http://www.springframework.org/schema/tx http://www.springframework.org/schema/tx/spring-tx-3.2.xsd
           http://www.springframework.org/schema/task http://www.springframework.org/schema/task/spring-task-3.2.xsd">

    <bean id="simpleServiceBean" class="com.aop.snippets.enterprise.DemoSimpleService">
        <property name="SName" value="Hello" />
        <property name="SId" value="12345" />
    </bean>

    <bean id="doBeforeMethodBean" class="com.aop.snippets.enterprise.aop.DoBeforeMethod" />

    <bean id="simpleServiceProxy" class="org.springframework.aop.framework.ProxyFactoryBean">
        <property name="target" ref="simpleServiceBean" />
        <property name="interceptorNames">
            <list>
                <value>doBeforeMethodBean</value>
            </list>
        </property>
    </bean>

</beans>
